<BackupInst xmlns="http://www.microsoft.com/GroupPolicy/GPOOperations/Manifest">
  <GPOGuid><![CDATA[{96BB1CBE-E589-4397-B3B8-738257D66897}]]></GPOGuid>
  <GPODomain><![CDATA[contoso.com]]></GPODomain>
  <GPODomainGuid><![CDATA[{970dc492-9663-4ce1-ba13-2ce7e1ef72d7}]]></GPODomainGuid>
  <GPODomainController><![CDATA[SASC-WS08-DC01.sasc.contoso.com]]></GPODomainController>
  <BackupTime>2014-03-01T00:32:08</BackupTime>
  <ID>{ca2d72bd-d0cd-4281-b227-0629e44fa631}</ID>
  <Comment>The Computer baseline includes settings to configure desktop and mobile computers.</Comment>
  <GPODisplayName>Windows XP 2</GPODisplayName>
</BackupInst>